{
  "_type": "export",
  "__export_format": 4,
  "__export_date": "2026-02-27T10:55:05.290Z",
  "__export_source": "backend-aula",
  "resources": [
    {
      "_id": "wrk_backend",
      "_type": "workspace",
      "name": "Backend Aula"
    },
    {
      "_id": "fld_Aula 03",
      "_type": "request_group",
      "parentId": "wrk_backend",
      "name": "Aula 03"
    },
    {
      "_id": "fld_carros",
      "_type": "request_group",
      "parentId": "fld_Aula 03",
      "name": "carros"
    },
    {
      "_id": "req_carros_GET_ALL",
      "_type": "request",
      "parentId": "fld_carros",
      "headers": [
        {
          "name": "Content-Type",
          "value": "application/json"
        }
      ],
      "name": "Listar",
      "method": "GET",
      "url": "http://localhost:3000/carros/listar"
    },
    {
      "_id": "req_carros_GET_ID",
      "_type": "request",
      "parentId": "fld_carros",
      "headers": [
        {
          "name": "Content-Type",
          "value": "application/json"
        }
      ],
      "name": "Buscar",
      "method": "GET",
      "url": "http://localhost:3000/carros/buscar/:id"
    },
    {
      "_id": "req_carros_POST",
      "_type": "request",
      "parentId": "fld_carros",
      "name": "Cadastrar",
      "headers": [
        {
          "name": "Content-Type",
          "value": "application/json"
        }
      ],
      "method": "POST",
      "url": "http://localhost:3000/carros/cadastrar",
      "body": {
        "mimeType": "application/json",
        "text": "{\n  \"marca\": \"string\",\n  \"modelo\": \"string\",\n  \"ano\": 0\n}"
      }
    },
    {
      "_id": "req_carros_PUT",
      "_type": "request",
      "parentId": "fld_carros",
      "headers": [
        {
          "name": "Content-Type",
          "value": "application/json"
        }
      ],
      "name": "Atualizar",
      "method": "PUT",
      "url": "http://localhost:3000/carros/atualizar/:id",
      "body": {
        "mimeType": "application/json",
        "text": "{\n  \"marca\": \"string\",\n  \"modelo\": \"string\",\n  \"ano\": 0\n}"
      }
    },
    {
      "_id": "req_carros_DELETE",
      "_type": "request",
      "parentId": "fld_carros",
      "headers": [
        {
          "name": "Content-Type",
          "value": "application/json"
        }
      ],
      "name": "Excluir",
      "method": "DELETE",
      "url": "http://localhost:3000/carros/excluir/:id"
    }
  ]
}